{
	"borderSize" : [ 0.25, 0.25, 0.25, 0.25],
	"colorBg" : [
		{"r":0, "g":64, "b":200, "a":255},
		{"r":0, "g":0, "b":200, "a":255},
		{"r":0, "g":0, "b":168, "a":255},
		{"r":0, "g":0, "b":0, "a":255}
	],
	"colorBorder" : {"r":220, "g":220, "b":220, "a":255},
	"colorBorderBorders" : {"r":30, "g":128, "b":128, "a":128},
	"cornerRadius" : [0.05, 0.05, 0.05, 0.05],
	"type" : "fill",
	"enableImage" : false,
	"direction" : {"x": 0.0, "y":0.0, "z":0.0},
	"iteration" : 5,
	"density"	: 8,
	"p_texture" : "media/image/1024/terrain.png",
	"speed"		: 1.0
}