{ "frames": {
   "Neabase 0.ase": {
    "frame": { "x": 0, "y": 0, "w": 90, "h": 90 },
    "rotated": false,
    "trimmed": false,
    "spriteSourceSize": { "x": 0, "y": 0, "w": 90, "h": 90 },
    "sourceSize": { "w": 90, "h": 90 },
    "duration": 100
   },
   "Neabase 1.ase": {
    "frame": { "x": 90, "y": 0, "w": 90, "h": 90 },
    "rotated": false,
    "trimmed": false,
    "spriteSourceSize": { "x": 0, "y": 0, "w": 90, "h": 90 },
    "sourceSize": { "w": 90, "h": 90 },
    "duration": 100
   },
   "Neabase 2.ase": {
    "frame": { "x": 180, "y": 0, "w": 90, "h": 90 },
    "rotated": false,
    "trimmed": false,
    "spriteSourceSize": { "x": 0, "y": 0, "w": 90, "h": 90 },
    "sourceSize": { "w": 90, "h": 90 },
    "duration": 100
   },
   "Neabase 3.ase": {
    "frame": { "x": 270, "y": 0, "w": 90, "h": 90 },
    "rotated": false,
    "trimmed": false,
    "spriteSourceSize": { "x": 0, "y": 0, "w": 90, "h": 90 },
    "sourceSize": { "w": 90, "h": 90 },
    "duration": 100
   },
   "Neabase 4.ase": {
    "frame": { "x": 360, "y": 0, "w": 90, "h": 90 },
    "rotated": false,
    "trimmed": false,
    "spriteSourceSize": { "x": 0, "y": 0, "w": 90, "h": 90 },
    "sourceSize": { "w": 90, "h": 90 },
    "duration": 100
   },
   "Neabase 5.ase": {
    "frame": { "x": 450, "y": 0, "w": 90, "h": 90 },
    "rotated": false,
    "trimmed": false,
    "spriteSourceSize": { "x": 0, "y": 0, "w": 90, "h": 90 },
    "sourceSize": { "w": 90, "h": 90 },
    "duration": 100
   },
   "Neabase 6.ase": {
    "frame": { "x": 540, "y": 0, "w": 90, "h": 90 },
    "rotated": false,
    "trimmed": false,
    "spriteSourceSize": { "x": 0, "y": 0, "w": 90, "h": 90 },
    "sourceSize": { "w": 90, "h": 90 },
    "duration": 100
   },
   "Neabase 7.ase": {
    "frame": { "x": 630, "y": 0, "w": 90, "h": 90 },
    "rotated": false,
    "trimmed": false,
    "spriteSourceSize": { "x": 0, "y": 0, "w": 90, "h": 90 },
    "sourceSize": { "w": 90, "h": 90 },
    "duration": 100
   },
   "Neabase 8.ase": {
    "frame": { "x": 720, "y": 0, "w": 90, "h": 90 },
    "rotated": false,
    "trimmed": false,
    "spriteSourceSize": { "x": 0, "y": 0, "w": 90, "h": 90 },
    "sourceSize": { "w": 90, "h": 90 },
    "duration": 100
   },
   "Neabase 9.ase": {
    "frame": { "x": 810, "y": 0, "w": 90, "h": 90 },
    "rotated": false,
    "trimmed": false,
    "spriteSourceSize": { "x": 0, "y": 0, "w": 90, "h": 90 },
    "sourceSize": { "w": 90, "h": 90 },
    "duration": 100
   },
   "Neabase 10.ase": {
    "frame": { "x": 900, "y": 0, "w": 90, "h": 90 },
    "rotated": false,
    "trimmed": false,
    "spriteSourceSize": { "x": 0, "y": 0, "w": 90, "h": 90 },
    "sourceSize": { "w": 90, "h": 90 },
    "duration": 100
   },
   "Neabase 11.ase": {
    "frame": { "x": 990, "y": 0, "w": 90, "h": 90 },
    "rotated": false,
    "trimmed": false,
    "spriteSourceSize": { "x": 0, "y": 0, "w": 90, "h": 90 },
    "sourceSize": { "w": 90, "h": 90 },
    "duration": 100
   },
   "Neabase 12.ase": {
    "frame": { "x": 1080, "y": 0, "w": 90, "h": 90 },
    "rotated": false,
    "trimmed": false,
    "spriteSourceSize": { "x": 0, "y": 0, "w": 90, "h": 90 },
    "sourceSize": { "w": 90, "h": 90 },
    "duration": 100
   },
   "Neabase 13.ase": {
    "frame": { "x": 1170, "y": 0, "w": 90, "h": 90 },
    "rotated": false,
    "trimmed": false,
    "spriteSourceSize": { "x": 0, "y": 0, "w": 90, "h": 90 },
    "sourceSize": { "w": 90, "h": 90 },
    "duration": 100
   },
   "Neabase 14.ase": {
    "frame": { "x": 1260, "y": 0, "w": 90, "h": 90 },
    "rotated": false,
    "trimmed": false,
    "spriteSourceSize": { "x": 0, "y": 0, "w": 90, "h": 90 },
    "sourceSize": { "w": 90, "h": 90 },
    "duration": 100
   },
   "Neabase 15.ase": {
    "frame": { "x": 1350, "y": 0, "w": 90, "h": 90 },
    "rotated": false,
    "trimmed": false,
    "spriteSourceSize": { "x": 0, "y": 0, "w": 90, "h": 90 },
    "sourceSize": { "w": 90, "h": 90 },
    "duration": 100
   },
   "Neabase 16.ase": {
    "frame": { "x": 1440, "y": 0, "w": 90, "h": 90 },
    "rotated": false,
    "trimmed": false,
    "spriteSourceSize": { "x": 0, "y": 0, "w": 90, "h": 90 },
    "sourceSize": { "w": 90, "h": 90 },
    "duration": 100
   },
   "Neabase 17.ase": {
    "frame": { "x": 1530, "y": 0, "w": 90, "h": 90 },
    "rotated": false,
    "trimmed": false,
    "spriteSourceSize": { "x": 0, "y": 0, "w": 90, "h": 90 },
    "sourceSize": { "w": 90, "h": 90 },
    "duration": 100
   },
   "Neabase 18.ase": {
    "frame": { "x": 1620, "y": 0, "w": 90, "h": 90 },
    "rotated": false,
    "trimmed": false,
    "spriteSourceSize": { "x": 0, "y": 0, "w": 90, "h": 90 },
    "sourceSize": { "w": 90, "h": 90 },
    "duration": 100
   },
   "Neabase 19.ase": {
    "frame": { "x": 1710, "y": 0, "w": 90, "h": 90 },
    "rotated": false,
    "trimmed": false,
    "spriteSourceSize": { "x": 0, "y": 0, "w": 90, "h": 90 },
    "sourceSize": { "w": 90, "h": 90 },
    "duration": 100
   },
   "Neabase 20.ase": {
    "frame": { "x": 1800, "y": 0, "w": 90, "h": 90 },
    "rotated": false,
    "trimmed": false,
    "spriteSourceSize": { "x": 0, "y": 0, "w": 90, "h": 90 },
    "sourceSize": { "w": 90, "h": 90 },
    "duration": 100
   },
   "Neabase 21.ase": {
    "frame": { "x": 1890, "y": 0, "w": 90, "h": 90 },
    "rotated": false,
    "trimmed": false,
    "spriteSourceSize": { "x": 0, "y": 0, "w": 90, "h": 90 },
    "sourceSize": { "w": 90, "h": 90 },
    "duration": 100
   },
   "Neabase 22.ase": {
    "frame": { "x": 1980, "y": 0, "w": 90, "h": 90 },
    "rotated": false,
    "trimmed": false,
    "spriteSourceSize": { "x": 0, "y": 0, "w": 90, "h": 90 },
    "sourceSize": { "w": 90, "h": 90 },
    "duration": 100
   },
   "Neabase 23.ase": {
    "frame": { "x": 2070, "y": 0, "w": 90, "h": 90 },
    "rotated": false,
    "trimmed": false,
    "spriteSourceSize": { "x": 0, "y": 0, "w": 90, "h": 90 },
    "sourceSize": { "w": 90, "h": 90 },
    "duration": 100
   },
   "Neabase 24.ase": {
    "frame": { "x": 2160, "y": 0, "w": 90, "h": 90 },
    "rotated": false,
    "trimmed": false,
    "spriteSourceSize": { "x": 0, "y": 0, "w": 90, "h": 90 },
    "sourceSize": { "w": 90, "h": 90 },
    "duration": 100
   },
   "Neabase 25.ase": {
    "frame": { "x": 2250, "y": 0, "w": 90, "h": 90 },
    "rotated": false,
    "trimmed": false,
    "spriteSourceSize": { "x": 0, "y": 0, "w": 90, "h": 90 },
    "sourceSize": { "w": 90, "h": 90 },
    "duration": 100
   },
   "Neabase 26.ase": {
    "frame": { "x": 2340, "y": 0, "w": 90, "h": 90 },
    "rotated": false,
    "trimmed": false,
    "spriteSourceSize": { "x": 0, "y": 0, "w": 90, "h": 90 },
    "sourceSize": { "w": 90, "h": 90 },
    "duration": 100
   },
   "Neabase 27.ase": {
    "frame": { "x": 2430, "y": 0, "w": 90, "h": 90 },
    "rotated": false,
    "trimmed": false,
    "spriteSourceSize": { "x": 0, "y": 0, "w": 90, "h": 90 },
    "sourceSize": { "w": 90, "h": 90 },
    "duration": 100
   },
   "Neabase 28.ase": {
    "frame": { "x": 2520, "y": 0, "w": 90, "h": 90 },
    "rotated": false,
    "trimmed": false,
    "spriteSourceSize": { "x": 0, "y": 0, "w": 90, "h": 90 },
    "sourceSize": { "w": 90, "h": 90 },
    "duration": 100
   },
   "Neabase 29.ase": {
    "frame": { "x": 2610, "y": 0, "w": 90, "h": 90 },
    "rotated": false,
    "trimmed": false,
    "spriteSourceSize": { "x": 0, "y": 0, "w": 90, "h": 90 },
    "sourceSize": { "w": 90, "h": 90 },
    "duration": 100
   },
   "Neabase 30.ase": {
    "frame": { "x": 2700, "y": 0, "w": 90, "h": 90 },
    "rotated": false,
    "trimmed": false,
    "spriteSourceSize": { "x": 0, "y": 0, "w": 90, "h": 90 },
    "sourceSize": { "w": 90, "h": 90 },
    "duration": 100
   },
   "Neabase 31.ase": {
    "frame": { "x": 2790, "y": 0, "w": 90, "h": 90 },
    "rotated": false,
    "trimmed": false,
    "spriteSourceSize": { "x": 0, "y": 0, "w": 90, "h": 90 },
    "sourceSize": { "w": 90, "h": 90 },
    "duration": 100
   },
   "Neabase 32.ase": {
    "frame": { "x": 2880, "y": 0, "w": 90, "h": 90 },
    "rotated": false,
    "trimmed": false,
    "spriteSourceSize": { "x": 0, "y": 0, "w": 90, "h": 90 },
    "sourceSize": { "w": 90, "h": 90 },
    "duration": 100
   },
   "Neabase 33.ase": {
    "frame": { "x": 2970, "y": 0, "w": 90, "h": 90 },
    "rotated": false,
    "trimmed": false,
    "spriteSourceSize": { "x": 0, "y": 0, "w": 90, "h": 90 },
    "sourceSize": { "w": 90, "h": 90 },
    "duration": 100
   }
 },
 "meta": {
  "app": "https://github.com/LibreSprite/LibreSprite/",
  "version": "1.0-dev",
  "image": "E:\\aesprite\\Neabase.png",
  "format": "RGBA8888",
  "size": { "w": 3060, "h": 90 },
  "scale": "1",
  "frameTags": [
   { "name": "walk", "from": 0, "to": 7, "direction": "forward" },
   { "name": "dash", "from": 8, "to": 9, "direction": "forward" },
   { "name": "Idle", "from": 10, "to": 18, "direction": "forward" },
   { "name": "Dying", "from": 19, "to": 24, "direction": "forward" },
   { "name": "tired_idle", "from": 25, "to": 33, "direction": "forward" }
  ],
  "layers": [
   { "name": "Background", "opacity": 255, "blendMode": "normal" },
   { "name": "sketch", "opacity": 88, "blendMode": "normal" },
   { "name": "skin under", "opacity": 255, "blendMode": "normal" },
   { "name": "robeundersleeve", "opacity": 255, "blendMode": "normal" },
   { "name": "skin ontop", "opacity": 255, "blendMode": "normal" },
   { "name": "robe n shoes", "opacity": 255, "blendMode": "normal" },
   { "name": "eyes mouth", "opacity": 255, "blendMode": "normal" },
   { "name": "hairr", "opacity": 255, "blendMode": "normal" },
   { "name": "stuff", "opacity": 250, "blendMode": "normal" },
   { "name": "highlights", "opacity": 128, "blendMode": "normal" },
   { "name": "highlights Copy", "opacity": 255, "blendMode": "normal" }
  ]
 }
}
