{
    "image_static": [
        {
            "depth_factor": 1.0,
            "depth_path": "",
            "emission_path": "",
            "flip_x": false,
            "flip_y": false,
            "key_color": {
                "a": 0,
                "b": 0,
                "g": 0,
                "r": 0
            },
            "name": "creature_guitar_0",
            "path": "media\\image\\character\\creature_guitar.png",
            "position": {
                "x": -203.0,
                "y": 1.0,
                "z": -97.0
            },
            "rotation": -8.0,
            "scale": 0.10000000149011612
        }
    ],
    "lights": [
        {
            "ambient": {
                "a": 255,
                "b": 28,
                "g": 15,
                "r": 0
            },
            "attenuationConstant": 0.0,
            "attenuationLinear": 0.0,
            "attenuationQuadratic": 0.0,
            "diffuse": {
                "a": 255,
                "b": 165,
                "g": 165,
                "r": 255
            },
            "direction": {
                "x": -0.7616851329803467,
                "y": -0.04257228225469589,
                "z": -0.6465471386909485
            },
            "isCursor": false,
            "isDirection": true,
            "isEnable": false,
            "isPoint": false,
            "isSpot": false,
            "name": "directional",
            "position": {
                "x": 0.0,
                "y": 0.0,
                "z": 0.0
            },
            "specular": {
                "a": 255,
                "b": 0,
                "g": 0,
                "r": 0
            }
        }
    ],
    "seed": [],
    "sprite_static": [],
    "version": 0.353,
    "voxel_terrain": {
        "FOV": 1024,
        "LOD": 0.07999999821186066,
        "LOD_startAt": 47.0,
        "SpriteRenderDistance": 31.0,
        "angle": 5.610000133514404,
        "blur_type": 4,
        "height": 20.0,
        "horizon": 329.0,
        "isViewTypeFixed": false,
        "normal_blur_iteration": 0,
        "normal_blurr": {
            "x": 10.0,
            "y": 0.10000000149011612
        },
        "offsetCameraPosition": {
            "x": 0.0,
            "y": 0.0,
            "z": 0.0
        },
        "position": {
            "x": -204.0,
            "y": 100.0,
            "z": -74.0
        },
        "scaleHeight": 384.0,
        "screen_height": 768.0,
        "screen_width": 1024.0,
        "shininess": 32.0,
        "terrainRenderDistance": 31.0,
        "terrain_collision_height_path": "media/image/map/shop-1/terrain_height.png",
        "terrain_collision_mask_path": "media/image/map/shop-1/terrain_mask.png",
        "terrain_color_path": "media/image/map/shop-1/terrain_color.png",
        "terrain_height_path": "media/image/map/shop-1/terrain_height.png"
    }
}
