{ "frames": {
   "littlespacegirl_v4 0.ase": {
    "frame": { "x": 0, "y": 0, "w": 200, "h": 250 },
    "rotated": false,
    "trimmed": false,
    "spriteSourceSize": { "x": 0, "y": 0, "w": 200, "h": 250 },
    "sourceSize": { "w": 200, "h": 250 },
    "duration": 100
   },
   "littlespacegirl_v4 1.ase": {
    "frame": { "x": 200, "y": 0, "w": 200, "h": 250 },
    "rotated": false,
    "trimmed": false,
    "spriteSourceSize": { "x": 0, "y": 0, "w": 200, "h": 250 },
    "sourceSize": { "w": 200, "h": 250 },
    "duration": 100
   },
   "littlespacegirl_v4 2.ase": {
    "frame": { "x": 400, "y": 0, "w": 200, "h": 250 },
    "rotated": false,
    "trimmed": false,
    "spriteSourceSize": { "x": 0, "y": 0, "w": 200, "h": 250 },
    "sourceSize": { "w": 200, "h": 250 },
    "duration": 100
   },
   "littlespacegirl_v4 3.ase": {
    "frame": { "x": 600, "y": 0, "w": 200, "h": 250 },
    "rotated": false,
    "trimmed": false,
    "spriteSourceSize": { "x": 0, "y": 0, "w": 200, "h": 250 },
    "sourceSize": { "w": 200, "h": 250 },
    "duration": 100
   },
   "littlespacegirl_v4 4.ase": {
    "frame": { "x": 800, "y": 0, "w": 200, "h": 250 },
    "rotated": false,
    "trimmed": false,
    "spriteSourceSize": { "x": 0, "y": 0, "w": 200, "h": 250 },
    "sourceSize": { "w": 200, "h": 250 },
    "duration": 100
   },
   "littlespacegirl_v4 5.ase": {
    "frame": { "x": 1000, "y": 0, "w": 200, "h": 250 },
    "rotated": false,
    "trimmed": false,
    "spriteSourceSize": { "x": 0, "y": 0, "w": 200, "h": 250 },
    "sourceSize": { "w": 200, "h": 250 },
    "duration": 100
   },
   "littlespacegirl_v4 6.ase": {
    "frame": { "x": 1200, "y": 0, "w": 200, "h": 250 },
    "rotated": false,
    "trimmed": false,
    "spriteSourceSize": { "x": 0, "y": 0, "w": 200, "h": 250 },
    "sourceSize": { "w": 200, "h": 250 },
    "duration": 100
   },
   "littlespacegirl_v4 7.ase": {
    "frame": { "x": 1400, "y": 0, "w": 200, "h": 250 },
    "rotated": false,
    "trimmed": false,
    "spriteSourceSize": { "x": 0, "y": 0, "w": 200, "h": 250 },
    "sourceSize": { "w": 200, "h": 250 },
    "duration": 100
   },
   "littlespacegirl_v4 8.ase": {
    "frame": { "x": 1600, "y": 0, "w": 200, "h": 250 },
    "rotated": false,
    "trimmed": false,
    "spriteSourceSize": { "x": 0, "y": 0, "w": 200, "h": 250 },
    "sourceSize": { "w": 200, "h": 250 },
    "duration": 100
   },
   "littlespacegirl_v4 9.ase": {
    "frame": { "x": 1800, "y": 0, "w": 200, "h": 250 },
    "rotated": false,
    "trimmed": false,
    "spriteSourceSize": { "x": 0, "y": 0, "w": 200, "h": 250 },
    "sourceSize": { "w": 200, "h": 250 },
    "duration": 100
   },
   "littlespacegirl_v4 10.ase": {
    "frame": { "x": 2000, "y": 0, "w": 200, "h": 250 },
    "rotated": false,
    "trimmed": false,
    "spriteSourceSize": { "x": 0, "y": 0, "w": 200, "h": 250 },
    "sourceSize": { "w": 200, "h": 250 },
    "duration": 100
   },
   "littlespacegirl_v4 11.ase": {
    "frame": { "x": 2200, "y": 0, "w": 200, "h": 250 },
    "rotated": false,
    "trimmed": false,
    "spriteSourceSize": { "x": 0, "y": 0, "w": 200, "h": 250 },
    "sourceSize": { "w": 200, "h": 250 },
    "duration": 100
   },
   "littlespacegirl_v4 12.ase": {
    "frame": { "x": 2400, "y": 0, "w": 200, "h": 250 },
    "rotated": false,
    "trimmed": false,
    "spriteSourceSize": { "x": 0, "y": 0, "w": 200, "h": 250 },
    "sourceSize": { "w": 200, "h": 250 },
    "duration": 100
   },
   "littlespacegirl_v4 13.ase": {
    "frame": { "x": 2600, "y": 0, "w": 200, "h": 250 },
    "rotated": false,
    "trimmed": false,
    "spriteSourceSize": { "x": 0, "y": 0, "w": 200, "h": 250 },
    "sourceSize": { "w": 200, "h": 250 },
    "duration": 100
   },
   "littlespacegirl_v4 14.ase": {
    "frame": { "x": 2800, "y": 0, "w": 200, "h": 250 },
    "rotated": false,
    "trimmed": false,
    "spriteSourceSize": { "x": 0, "y": 0, "w": 200, "h": 250 },
    "sourceSize": { "w": 200, "h": 250 },
    "duration": 100
   },
   "littlespacegirl_v4 15.ase": {
    "frame": { "x": 3000, "y": 0, "w": 200, "h": 250 },
    "rotated": false,
    "trimmed": false,
    "spriteSourceSize": { "x": 0, "y": 0, "w": 200, "h": 250 },
    "sourceSize": { "w": 200, "h": 250 },
    "duration": 100
   },
   "littlespacegirl_v4 16.ase": {
    "frame": { "x": 3200, "y": 0, "w": 200, "h": 250 },
    "rotated": false,
    "trimmed": false,
    "spriteSourceSize": { "x": 0, "y": 0, "w": 200, "h": 250 },
    "sourceSize": { "w": 200, "h": 250 },
    "duration": 100
   },
   "littlespacegirl_v4 17.ase": {
    "frame": { "x": 3400, "y": 0, "w": 200, "h": 250 },
    "rotated": false,
    "trimmed": false,
    "spriteSourceSize": { "x": 0, "y": 0, "w": 200, "h": 250 },
    "sourceSize": { "w": 200, "h": 250 },
    "duration": 100
   },
   "littlespacegirl_v4 18.ase": {
    "frame": { "x": 3600, "y": 0, "w": 200, "h": 250 },
    "rotated": false,
    "trimmed": false,
    "spriteSourceSize": { "x": 0, "y": 0, "w": 200, "h": 250 },
    "sourceSize": { "w": 200, "h": 250 },
    "duration": 100
   },
   "littlespacegirl_v4 19.ase": {
    "frame": { "x": 3800, "y": 0, "w": 200, "h": 250 },
    "rotated": false,
    "trimmed": false,
    "spriteSourceSize": { "x": 0, "y": 0, "w": 200, "h": 250 },
    "sourceSize": { "w": 200, "h": 250 },
    "duration": 100
   },
   "littlespacegirl_v4 20.ase": {
    "frame": { "x": 4000, "y": 0, "w": 200, "h": 250 },
    "rotated": false,
    "trimmed": false,
    "spriteSourceSize": { "x": 0, "y": 0, "w": 200, "h": 250 },
    "sourceSize": { "w": 200, "h": 250 },
    "duration": 100
   },
   "littlespacegirl_v4 21.ase": {
    "frame": { "x": 4200, "y": 0, "w": 200, "h": 250 },
    "rotated": false,
    "trimmed": false,
    "spriteSourceSize": { "x": 0, "y": 0, "w": 200, "h": 250 },
    "sourceSize": { "w": 200, "h": 250 },
    "duration": 100
   },
   "littlespacegirl_v4 22.ase": {
    "frame": { "x": 4400, "y": 0, "w": 200, "h": 250 },
    "rotated": false,
    "trimmed": false,
    "spriteSourceSize": { "x": 0, "y": 0, "w": 200, "h": 250 },
    "sourceSize": { "w": 200, "h": 250 },
    "duration": 100
   },
   "littlespacegirl_v4 23.ase": {
    "frame": { "x": 4600, "y": 0, "w": 200, "h": 250 },
    "rotated": false,
    "trimmed": false,
    "spriteSourceSize": { "x": 0, "y": 0, "w": 200, "h": 250 },
    "sourceSize": { "w": 200, "h": 250 },
    "duration": 100
   },
   "littlespacegirl_v4 24.ase": {
    "frame": { "x": 4800, "y": 0, "w": 200, "h": 250 },
    "rotated": false,
    "trimmed": false,
    "spriteSourceSize": { "x": 0, "y": 0, "w": 200, "h": 250 },
    "sourceSize": { "w": 200, "h": 250 },
    "duration": 100
   },
   "littlespacegirl_v4 25.ase": {
    "frame": { "x": 5000, "y": 0, "w": 200, "h": 250 },
    "rotated": false,
    "trimmed": false,
    "spriteSourceSize": { "x": 0, "y": 0, "w": 200, "h": 250 },
    "sourceSize": { "w": 200, "h": 250 },
    "duration": 100
   },
   "littlespacegirl_v4 26.ase": {
    "frame": { "x": 5200, "y": 0, "w": 200, "h": 250 },
    "rotated": false,
    "trimmed": false,
    "spriteSourceSize": { "x": 0, "y": 0, "w": 200, "h": 250 },
    "sourceSize": { "w": 200, "h": 250 },
    "duration": 100
   }
 },
 "meta": {
  "app": "https://github.com/LibreSprite/LibreSprite/",
  "version": "1.0-dev",
  "image": "E:\\WORK\\Mirror\\E21\\littlespace\\sprites\\spacegirlv2\\spacegirlv2.png",
  "format": "RGBA8888",
  "size": { "w": 5400, "h": 250 },
  "scale": "1",
  "frameTags": [
   { "name": "idle", "from": 0, "to": 6, "direction": "forward" },
   { "name": "Tag", "from": 0, "to": 26, "direction": "forward" },
   { "name": "walk", "from": 7, "to": 14, "direction": "forward" },
   { "name": "run", "from": 15, "to": 21, "direction": "forward" },
   { "name": "frein", "from": 22, "to": 26, "direction": "forward" }
  ],
  "layers": [
   { "name": "Background", "opacity": 255, "blendMode": "normal" },
   { "name": "Layer 3", "opacity": 255, "blendMode": "normal" },
   { "name": "girl", "opacity": 255, "blendMode": "normal" },
   { "name": "arms under", "opacity": 255, "blendMode": "normal" },
   { "name": "Layer 2", "opacity": 255, "blendMode": "normal" },
   { "name": "skirt", "opacity": 255, "blendMode": "normal" },
   { "name": "arm over", "opacity": 255, "blendMode": "normal" },
   { "name": "sketchjump", "opacity": 255, "blendMode": "normal" }
  ]
 }
}
